item,source,type,license,attribution_required,attribution_text,commercial_ok,license_checked_at,used_in
Blender 5.2.1 LTS,https://www.blender.org/download/,工具,GPL,否,Blender 5.2.1 LTS,是,2026-09-29,全部镜头
临时音乐（Animatic 阶段）,待定,音乐,待定,待定,待定,待定,待定,Animatic 预览（不进最终交付）
Poly Haven 贴图/HDRI,https://polyhaven.com/,贴图,CC0,否,（建议致谢）Poly Haven,是,待定,待定
Quixel Megascans,https://quixel.com/megascans,模型/贴图,订阅,待定,待定,有条件,待定,待定
Blender Studio 开放电影资产,https://studio.blender.org/,模型/贴图,CC-BY,是,待定,是,待定,待定
AI 单目动捕数据（Rokoko 等）,待定,动捕数据,待定,待定,待定,有条件,待定,待定
AI 生成音乐,待定,音乐,待定,待定,待定,有条件,待定,待定
古风音乐/音效素材库,待定,音乐/音效,待定,待定,待定,有条件,待定,待定
字体,待定,字体,待定,待定,待定,有条件,待定,待定
